Date,Close,Volume
,IR,IR
2017-05-12,21.00345230102539,10933700
2017-05-15,21.919233322143555,3487300
2017-05-16,21.998870849609375,1289300
2017-05-17,21.998870849609375,1583700
2017-05-18,22.39704132080078,4075200
2017-05-19,22.61603355407715,1248600
2017-05-22,22.78525733947754,383100
2017-05-23,23.342693328857422,704000
2017-05-24,23.243152618408203,408800
2017-05-25,22.40699577331543,1080700
2017-05-26,22.924619674682617,721100
2017-05-30,22.844982147216797,843100
2017-05-31,22.8250732421875,484400
2017-06-01,22.8250732421875,486400
2017-06-02,22.546356201171875,546600
2017-06-05,22.526445388793945,422200
2017-06-06,22.18800163269043,1089500
2017-06-07,21.660430908203125,733500
2017-06-08,21.55093002319336,432600
2017-06-09,22.387083053588867,565900
2017-06-12,22.924619674682617,826200
2017-06-13,23.38251304626465,927300
2017-06-14,23.14360809326172,1988500
2017-06-15,22.88479995727539,1510300
2017-06-16,23.810544967651367,2465600
2017-06-19,23.810544967651367,460200
2017-06-20,22.51649284362793,1043700
2017-06-21,20.625186920166016,1275400
2017-06-22,20.963632583618164,1321900
2017-06-23,20.376331329345703,3690400
2017-06-26,20.40618896484375,790800
2017-06-27,21.192577362060547,1029100
2017-06-28,21.17266845703125,737600
2017-06-29,21.331937789916992,796200
2017-06-30,21.51111602783203,250800
2017-07-03,22.23777198791504,396500
2017-07-05,21.720151901245117,765800
2017-07-06,20.874042510986328,1184400
2017-07-07,20.575416564941406,953900
2017-07-10,21.242347717285156,826900
2017-07-11,21.63056755065918,656100
2017-07-12,22.028730392456055,1091800
2017-07-13,21.959054946899414,1577700
2017-07-14,21.978960037231445,211300
2017-07-17,22.86488914489746,1357100
2017-07-18,22.934572219848633,962700
2017-07-19,23.312829971313477,742400
2017-07-20,23.44223403930664,454400
2017-07-21,22.904706954956055,1163200
2017-07-24,23.034114837646484,724400
2017-07-25,23.342693328857422,1832300
2017-07-26,22.715578079223633,781200
2017-07-27,23.123703002929688,314200
2017-07-28,22.984342575073242,260800
2017-07-31,22.854936599731445,536900
2017-08-01,22.39704132080078,998200
2017-08-02,22.914661407470703,1444100
2017-08-03,23.153562545776367,2650300
2017-08-04,23.959856033325195,809600
2017-08-07,23.92999839782715,1039100
2017-08-08,24.019582748413086,626700
2017-08-09,23.492008209228516,296800
2017-08-10,22.556310653686523,1247900
2017-08-11,22.576217651367188,605300
2017-08-14,22.48663330078125,970300
2017-08-15,22.586172103881836,1061900
2017-08-16,22.645896911621094,536300
2017-08-17,21.89932632446289,417900
2017-08-18,21.869464874267578,506400
2017-08-21,22.28754234313965,714000
2017-08-22,22.675758361816406,245100
2017-08-23,22.854936599731445,612400
2017-08-24,22.59612464904785,230300
2017-08-25,22.874845504760742,572300
2017-08-28,22.844982147216797,355200
2017-08-29,22.95447540283203,262200
2017-08-30,23.19338035583496,368500
2017-08-31,23.38251304626465,382200
2017-09-01,23.5915470123291,465500
2017-09-05,23.014204025268555,450300
2017-09-06,23.243152618408203,400600
2017-09-07,23.50196647644043,247300
2017-09-08,23.651275634765625,404100
2017-09-11,23.780683517456055,386700
2017-09-12,24.41775131225586,655500
2017-09-13,24.557109832763672,331100
2017-09-14,24.85573387145996,480400
2017-09-15,24.975189208984375,517200
2017-09-18,25.66203498840332,703900
2017-09-19,25.70185089111328,421300
2017-09-20,25.86111831665039,561000
2017-09-21,25.73171043395996,432800
2017-09-22,26.159748077392578,269600
2017-09-25,26.279193878173828,485600
2017-09-26,26.189605712890625,660800
2017-09-27,26.946130752563477,557800
2017-09-28,27.204938888549805,694400
2017-09-29,27.39406967163086,298400
2017-10-02,27.423931121826172,473700
2017-10-03,27.50356674194336,400200
2017-10-04,26.766950607299805,665700
2017-10-05,26.66741371154785,417900
2017-10-06,26.47827911376953,414100
2017-10-09,26.657459259033203,372900
2017-10-10,26.776906967163086,257500
2017-10-11,26.73709487915039,273900
2017-10-12,26.766950607299805,269600
2017-10-13,26.836633682250977,379600
2017-10-16,26.79681968688965,399200
2017-10-17,26.866497039794922,545300
2017-10-18,26.627592086791992,566400
2017-10-19,26.239376068115234,495500
2017-10-20,26.4583740234375,796300
2017-10-23,26.299102783203125,467500
2017-10-24,26.47827911376953,608200
2017-10-25,26.49818992614746,527600
2017-10-26,28.966838836669922,2409000
2017-10-27,30.28080177307129,1434000
2017-10-30,28.986751556396484,1344900
2017-10-31,28.717988967895508,647600
2017-11-01,28.807573318481445,837500
2017-11-02,29.17588233947754,738300
2017-11-03,28.449220657348633,924900
2017-11-06,27.832054138183594,659100
2017-11-07,27.87187385559082,568300
2017-11-08,27.941551208496094,838500
2017-11-09,28.0112361907959,1080000
2017-11-10,28.628400802612305,792600
2017-11-13,29.275423049926758,883300
2017-11-14,28.528854370117188,1090100
2017-11-15,27.413982391357422,870400
2017-11-16,28.757801055908203,7596800
2017-11-17,29.91248893737793,2588000
2017-11-20,30.430116653442383,2904300
2017-11-21,30.58938217163086,1687000
2017-11-22,30.838233947753906,1223000
2017-11-24,30.99750518798828,391800
2017-11-27,31.3160400390625,1307800
2017-11-28,31.087093353271484,965700
2017-11-29,31.00745964050293,892800
2017-11-30,32.26169967651367,2112800
2017-12-01,31.933204650878906,2144300
2017-12-04,31.30608558654785,785800
2017-12-05,31.017417907714844,630900
2017-12-06,31.325992584228516,463600
2017-12-07,32.03276062011719,845800
2017-12-08,32.18205642700195,637600
2017-12-11,31.883434295654297,331100
2017-12-12,31.535037994384766,435100
2017-12-13,31.684345245361328,1003100
2017-12-14,31.54498863220215,467500
2017-12-15,32.46078109741211,1606700
2017-12-18,33.227264404296875,947600
2017-12-19,33.13766098022461,977500
2017-12-20,33.85436248779297,645000
2017-12-21,34.27244567871094,333700
2017-12-22,34.04349899291992,323400
2017-12-26,33.87428283691406,148700
2017-12-27,33.953922271728516,311200
2017-12-28,33.81455612182617,282500
2017-12-29,33.77473831176758,442300
2018-01-02,33.55574035644531,814700
2018-01-03,33.754825592041016,806600
2018-01-04,33.914093017578125,488400
2018-01-05,34.39189910888672,416900
2018-01-08,34.75025939941406,573600
2018-01-09,34.92943572998047,418800
2018-01-10,34.292354583740234,424900
2018-01-11,34.7303466796875,248100
2018-01-12,34.401859283447266,542100
2018-01-16,34.939388275146484,974600
2018-01-17,34.800018310546875,868400
2018-01-18,35.03892517089844,443100
2018-01-19,35.75562286376953,518500
2018-01-22,36.02439498901367,660400
2018-01-23,36.522098541259766,927900
2018-01-24,36.10402297973633,435900
2018-01-25,35.775535583496094,660400
2018-01-26,36.11398696899414,229500
2018-01-29,36.07416915893555,414500
2018-01-30,35.30768966674805,795800
2018-01-31,34.42176818847656,756200
2018-02-01,34.87966537475586,680900
2018-02-02,34.013641357421875,637000
2018-02-05,33.35665512084961,827500
2018-02-06,33.23720932006836,633800
2018-02-07,32.65986633300781,790800
2018-02-08,31.425537109375,873000
2018-02-09,31.60471534729004,1100500
2018-02-12,32.55036926269531,658100
2018-02-13,32.92863082885742,875300
2018-02-14,33.35665512084961,727700
2018-02-15,34.37200164794922,1298200
2018-02-16,32.699676513671875,2623800
2018-02-20,31.584802627563477,1042900
2018-02-21,31.634578704833984,1865800
2018-02-22,31.913299560546875,588500
2018-02-23,32.72954559326172,500700
2018-02-26,32.848995208740234,478600
2018-02-27,32.53045654296875,461600
2018-02-28,31.863525390625,644900
2018-03-01,30.7486515045166,936600
2018-03-02,31.654489517211914,675200
2018-03-05,31.89338493347168,592500
2018-03-06,31.664440155029297,877300
2018-03-07,31.674396514892578,638800
2018-03-08,32.22187042236328,533300
2018-03-09,32.848995208740234,814800
2018-03-12,32.49064254760742,485300
2018-03-13,32.38113784790039,381100
2018-03-14,32.80917739868164,428900
2018-03-15,32.51055908203125,579400
2018-03-16,32.80917739868164,997400
2018-03-19,32.560325622558594,309100
2018-03-20,32.40105056762695,611000
2018-03-21,32.978397369384766,502800
2018-03-22,31.067184448242188,908000
2018-03-23,30.181255340576172,1004900
2018-03-26,30.58938217163086,674800
2018-03-27,30.26089096069336,489200
2018-03-28,29.91248893737793,739600
2018-03-29,30.539608001708984,665400
2018-04-02,28.9967041015625,923000
2018-04-03,29.593957901000977,583600
2018-04-04,29.653684616088867,291900
2018-04-05,30.669017791748047,1149700
2018-04-06,29.693500518798828,847400
2018-04-09,29.22565269470215,459500
2018-04-10,30.7486515045166,738300
2018-04-11,30.85814666748047,733900
2018-04-12,31.405628204345703,644300
2018-04-13,31.475311279296875,469900
2018-04-16,31.89338493347168,685200
2018-04-17,32.14224624633789,408800
2018-04-18,32.52050018310547,557600
2018-04-19,32.38113784790039,409700
2018-04-20,32.02278137207031,477100
2018-04-23,31.634578704833984,492100
2018-04-24,31.087093353271484,1029300
2018-04-25,31.535037994384766,616500
2018-04-26,30.718786239624023,1026000
2018-04-27,31.69430160522461,3195500
2018-04-30,31.485258102416992,1283800
2018-05-01,31.017417907714844,1656600
2018-05-02,31.256319046020508,1200700
2018-05-03,31.535037994384766,12585800
2018-05-04,31.92324447631836,2271200
2018-05-07,31.903337478637695,3971800
2018-05-08,31.365812301635742,2357100
2018-05-09,31.903337478637695,2248000
2018-05-10,33.31684112548828,2354900
2018-05-11,33.28697967529297,1448400
2018-05-14,33.306888580322266,1517900
2018-05-15,33.47611999511719,1185200
2018-05-16,33.59556579589844,1358100
2018-05-17,34.14304733276367,1633500
2018-05-18,34.30231475830078,1356500
2018-05-21,34.262489318847656,759800
2018-05-22,34.25254440307617,1534900
2018-05-23,34.11318588256836,941000
2018-05-24,33.70506286621094,665400
2018-05-25,32.72954559326172,993000
2018-05-29,32.46078109741211,897400
2018-05-30,33.23720932006836,820900
2018-05-31,32.719581604003906,1066400
2018-06-01,32.1920166015625,672500
2018-06-04,32.351287841796875,975600
2018-06-05,32.231834411621094,1661000
2018-06-06,32.66981887817383,1053400
2018-06-07,32.958492279052734,858800
2018-06-08,31.69430160522461,1388100
2018-06-11,29.693500518798828,3923100
2018-06-12,29.31523895263672,2215200
2018-06-13,29.25551414489746,1699800
2018-06-14,29.92244529724121,1934900
2018-06-15,29.544185638427734,1388000
2018-06-18,29.84281349182129,1309500
2018-06-19,29.335147857666016,1129500
2018-06-20,28.110776901245117,2044200
2018-06-21,27.7922420501709,1984500
2018-06-22,28.698074340820312,3038700
2018-06-25,28.170501708984375,2100900
2018-06-26,28.89716148376465,1953200
2018-06-27,29.12610626220703,1885700
2018-06-28,29.235610961914062,1634200
2018-06-29,29.25551414489746,2230500
2018-07-02,28.42931365966797,1625000
2018-07-03,28.59853172302246,592800
2018-07-05,28.65825653076172,1614100
2018-07-06,28.230222702026367,1053800
2018-07-09,29.384920120239258,2222200
2018-07-10,29.136064529418945,1211200
2018-07-11,28.698074340820312,1313900
2018-07-12,27.861921310424805,2447700
2018-07-13,28.05105209350586,1189500
2018-07-16,27.981367111206055,1221800
2018-07-17,27.95150375366211,1281800
2018-07-18,27.67278480529785,897000
2018-07-19,28.061006546020508,507700
2018-07-20,27.702648162841797,647700
2018-07-23,27.035717010498047,706900
2018-07-24,26.56787109375,1087500
2018-07-25,26.35883331298828,1570100
2018-07-26,26.50814437866211,2625600
2018-07-27,26.975990295410156,1992800
2018-07-30,27.194984436035156,2493500
2018-07-31,28.47908592224121,2492400
2018-08-01,27.543386459350586,2417400
2018-08-02,27.60310935974121,2705600
2018-08-03,28.3397216796875,1655700
2018-08-06,29.026567459106445,1427400
2018-08-07,29.355056762695312,881600
2018-08-08,29.146015167236328,870100
2018-08-09,28.63835334777832,1436700
2018-08-10,28.72793960571289,1093100
2018-08-13,28.359636306762695,583900
2018-08-14,28.05105209350586,657300
2018-08-15,26.90631103515625,785800
2018-08-16,27.244752883911133,881800
2018-08-17,27.812149047851562,1229500
2018-08-20,28.180452346801758,849600
2018-08-21,28.09086799621582,483600
2018-08-22,27.822099685668945,965000
2018-08-23,27.21489143371582,739900
2018-08-24,27.38411521911621,1129000
2018-08-27,28.120729446411133,1200300
2018-08-28,28.14063835144043,822400
2018-08-29,28.628400802612305,777600
2018-08-30,27.95150375366211,631500
2018-08-31,27.832054138183594,453100
2018-09-04,27.2248477935791,609400
2018-09-05,26.866497039794922,1445300
2018-09-06,24.815921783447266,4134900
2018-09-07,24.865694046020508,2984600
2018-09-10,25.52267074584961,1543900
2018-09-11,26.060199737548828,1637200
2018-09-12,26.46832847595215,1961600
2018-09-13,27.71260643005371,3199200
2018-09-14,28.48904037475586,2025900
2018-09-17,28.588579177856445,1449900
2018-09-18,29.136064529418945,979600
2018-09-19,28.966838836669922,785700
2018-09-20,29.24555778503418,1086600
2018-09-21,29.24555778503418,3654800
2018-09-24,29.404829025268555,1476200
2018-09-25,28.986751556396484,1162500
2018-09-26,28.3397216796875,1365900
2018-09-27,27.91168975830078,1694000
2018-09-28,28.21031951904297,1010600
2018-10-01,27.881826400756836,1846300
2018-10-02,27.95150375366211,2083900
2018-10-03,27.87187385559082,2164400
2018-10-04,27.642927169799805,720100
2018-10-05,27.32438850402832,677600
2018-10-08,26.93617820739746,776700
2018-10-09,27.135265350341797,1381700
2018-10-10,26.07015609741211,1231200
2018-10-11,25.48285675048828,1182100
2018-10-12,25.642122268676758,1084400
2018-10-15,25.930797576904297,1411700
2018-10-16,27.0257625579834,801600
2018-10-17,26.766950607299805,811100
2018-10-18,25.910886764526367,929000
2018-10-19,25.383316040039062,1219800
2018-10-22,25.064775466918945,1517300
2018-10-23,24.80596351623535,1455600
2018-10-24,23.263063430786133,2160700
2018-10-25,24.447614669799805,2835900
2018-10-26,25.99052619934082,3224300
2018-10-29,25.462947845458984,1412500
2018-10-30,26.46832847595215,1086600
2018-10-31,26.93617820739746,1257900
2018-11-01,25.681941986083984,10006200
2018-11-02,25.73171043395996,2608500
2018-11-05,26.398643493652344,4353000
2018-11-06,27.26466178894043,1999400
2018-11-07,27.812149047851562,2013500
2018-11-08,26.985946655273438,3269700
2018-11-09,26.42850685119629,3314900
2018-11-12,26.189605712890625,1157400
2018-11-13,25.41317367553711,1295800
2018-11-14,25.10459327697754,1320600
2018-11-15,25.851160049438477,1383100
2018-11-16,25.373361587524414,933000
2018-11-19,24.32816505432129,1895700
2018-11-20,24.13903045654297,1062000
2018-11-21,24.636747360229492,953800
2018-11-23,24.069351196289062,253700
2018-11-26,24.845781326293945,1373100
2018-11-27,24.32816505432129,1250800
2018-11-28,25.22404670715332,1316000
2018-11-29,25.22404670715332,2197700
2018-11-30,24.636747360229492,1081900
2018-12-03,25.25390625,1090100
2018-12-04,23.173473358154297,1732900
2018-12-06,22.795211791992188,3272100
2018-12-07,22.197954177856445,1572900
2018-12-10,21.978960037231445,2086100
2018-12-11,21.481252670288086,1080300
2018-12-12,21.74005889892578,2509700
2018-12-13,21.25229835510254,1715200
2018-12-14,21.122900009155273,1356100
2018-12-17,20.40618896484375,1188700
2018-12-18,20.505735397338867,1623000
2018-12-19,19.63971710205078,1658500
2018-12-20,19.112146377563477,1294800
2018-12-21,19.769121170043945,3130600
2018-12-24,18.83342170715332,687800
2018-12-26,20.127471923828125,981500
2018-12-27,20.296693801879883,917300
2018-12-28,20.286741256713867,1394400
2018-12-31,20.35642433166504,907100
2019-01-02,20.903907775878906,1602200
2019-01-03,20.48582649230957,1246300
2019-01-04,20.844181060791016,2041900
2019-01-07,21.51111602783203,2296100
2019-01-08,21.75996971130371,1387600
2019-01-09,22.277589797973633,1224000
2019-01-10,22.387083053588867,1007700
2019-01-11,22.606082916259766,679600
2019-01-14,21.89932632446289,1200200
2019-01-15,21.8196964263916,1721100
2019-01-16,21.74005889892578,1185000
2019-01-17,22.128278732299805,840100
2019-01-18,23.113744735717773,2099500
2019-01-22,22.675758361816406,2240500
2019-01-23,22.327363967895508,1039900
2019-01-24,22.546356201171875,745100
2019-01-25,24.069351196289062,2219800
2019-01-28,23.860313415527344,1828500
2019-01-29,24.32816505432129,2079300
2019-01-30,24.517297744750977,1604100
2019-01-31,24.557109832763672,1637300
2019-02-01,24.676565170288086,1231200
2019-02-04,24.78605842590332,1009400
2019-02-05,24.925416946411133,953300
2019-02-06,25.034914016723633,1146600
2019-02-07,24.80596351623535,1801500
2019-02-08,24.25848388671875,1073400
2019-02-11,24.318208694458008,1284400
2019-02-12,24.517297744750977,1457100
2019-02-13,25.184226989746094,2274500
2019-02-14,25.24395751953125,1654300
2019-02-15,25.99052619934082,1428200
2019-02-19,25.8013916015625,2895800
2019-02-20,26.44841957092285,2435700
2019-02-21,26.926218032836914,1459000
2019-02-22,26.617639541625977,1350500
2019-02-25,26.93617820739746,1709700
2019-02-26,26.538002014160156,1396600
2019-02-27,26.52804946899414,973800
2019-02-28,26.72713279724121,1331300
2019-03-01,27.21489143371582,1068600
2019-03-04,26.85654067993164,1085700
2019-03-05,26.816730499267578,864700
2019-03-06,26.189605712890625,973000
2019-03-07,25.97061538696289,1670600
2019-03-08,26.080114364624023,1119300
2019-03-11,26.99590301513672,1513900
2019-03-12,26.93617820739746,1379400
2019-03-13,27.593154907226562,1656600
2019-03-14,26.87645149230957,1734300
2019-03-15,27.78228759765625,2031600
2019-03-18,28.07095718383789,1505900
2019-03-19,27.61306381225586,2120300
2019-03-20,27.692699432373047,1631000
2019-03-21,27.861921310424805,1205500
2019-03-22,26.63754653930664,1126800
2019-03-25,26.975990295410156,1198800
2019-03-26,27.204938888549805,859500
2019-03-27,26.926218032836914,1057500
2019-03-28,27.135265350341797,1026400
2019-03-29,27.6827392578125,1581300
2019-04-01,27.832054138183594,863900
2019-04-02,27.702648162841797,501100
2019-04-03,27.861921310424805,1215800
2019-04-04,27.91168975830078,553700
2019-04-05,28.130685806274414,804900
2019-04-08,28.200363159179688,634400
2019-04-09,27.71260643005371,899100
2019-04-10,27.881826400756836,633100
2019-04-11,28.110776901245117,937100
2019-04-12,27.60310935974121,1878200
2019-04-15,27.14521598815918,1444600
2019-04-16,27.29452896118164,1259200
2019-04-17,26.766950607299805,1152900
2019-04-18,26.95608139038086,1302600
2019-04-22,27.194984436035156,1219200
2019-04-23,27.67278480529785,1073200
2019-04-24,27.692699432373047,1470000
2019-04-25,27.652881622314453,1544000
2019-04-26,27.92164421081543,2633300
2019-04-29,32.40105056762695,9869800
2019-04-30,33.59556579589844,7293300
2019-05-01,34.45163345336914,4704000
2019-05-02,34.80998229980469,4847200
2019-05-03,34.54121780395508,2637600
2019-05-06,33.9439582824707,2183700
2019-05-07,33.83445739746094,1875300
2019-05-08,33.16753005981445,1438000
2019-05-09,33.27702331542969,2166400
2019-05-10,34.15300369262695,1306200
2019-05-13,33.62541961669922,1666500
2019-05-14,34.30231475830078,1693700
2019-05-15,35.09865188598633,2176400
2019-05-16,34.89957046508789,1766300
2019-05-17,34.57107925415039,2737600
2019-05-20,34.989158630371094,2102400
2019-05-21,35.725765228271484,1724500
2019-05-22,35.50677490234375,1741500
2019-05-23,34.74030685424805,1589600
2019-05-24,35.10860061645508,1278300
2019-05-28,35.13846969604492,915800
2019-05-29,34.78010940551758,1451600
2019-05-30,34.561126708984375,1268000
2019-05-31,33.81455612182617,1659700
2019-06-03,33.60551834106445,2627200
2019-06-04,34.033546447753906,1209000
2019-06-05,33.44624710083008,1733600
2019-06-06,33.64533233642578,1541400
2019-06-07,33.47611999511719,1039400
2019-06-10,33.884239196777344,822300
2019-06-11,33.59556579589844,1238800
2019-06-12,32.93858337402344,1105000
2019-06-13,33.3267936706543,821900
2019-06-14,33.26706314086914,789600
2019-06-17,33.4362907409668,922600
2019-06-18,34.43172073364258,1159900
2019-06-19,34.66066360473633,762300
2019-06-20,34.7303466796875,1491100
2019-06-21,33.9439582824707,1622100
2019-06-24,33.6154670715332,750500
2019-06-25,33.695098876953125,742900
2019-06-26,33.545799255371094,727200
2019-06-27,33.744873046875,1081500
2019-06-28,34.441673278808594,1481600
2019-07-01,34.670623779296875,681100
2019-07-02,34.33218002319336,993100
2019-07-03,34.441673278808594,593300
2019-07-05,34.33218002319336,2283100
2019-07-08,33.9439582824707,965200
2019-07-09,32.89876174926758,1793600
2019-07-10,32.90872573852539,1624300
2019-07-11,32.14224624633789,3126100
2019-07-12,33.10780715942383,790900
2019-07-15,32.351287841796875,981600
2019-07-16,33.20735168457031,1347400
2019-07-17,32.77931594848633,1634400
2019-07-18,32.630001068115234,656800
2019-07-19,33.376564025878906,1115400
2019-07-22,33.296932220458984,795000
2019-07-23,33.695098876953125,729500
2019-07-24,33.85436248779297,756600
2019-07-25,33.34669876098633,907400
2019-07-26,32.94853591918945,1161400
2019-07-29,32.14224624633789,1293000
2019-07-30,33.04808044433594,1658500
2019-07-31,32.81913375854492,2816100
2019-08-01,31.067184448242188,4026300
2019-08-02,30.90791893005371,2714800
2019-08-05,30.04189682006836,4331700
2019-08-06,30.7486515045166,1379000
2019-08-07,30.5495662689209,1517500
2019-08-08,30.808378219604492,1339300
2019-08-09,30.270845413208008,942900
2019-08-12,30.061803817749023,815000
2019-08-13,30.430116653442383,1505000
2019-08-14,29.25551414489746,1727200
2019-08-15,29.305286407470703,1107200
2019-08-16,29.84281349182129,1195300
2019-08-19,30.111574172973633,1265800
2019-08-20,29.61386489868164,686800
2019-08-21,29.45459747314453,867700
2019-08-22,29.355056762695312,449100
2019-08-23,28.100820541381836,1473200
2019-08-26,28.09086799621582,1084200
2019-08-27,27.60310935974121,858000
2019-08-28,27.881826400756836,1493100
2019-08-29,28.359636306762695,721200
2019-08-30,28.54876136779785,830500
2019-09-03,27.3343448638916,1171100
2019-09-04,26.647504806518555,3811000
2019-09-05,28.130685806274414,2558300
2019-09-06,28.031139373779297,1343500
2019-09-09,28.63835334777832,1693200
2019-09-10,30.231033325195312,1973400
2019-09-11,30.081714630126953,1663100
2019-09-12,30.599336624145508,1434400
2019-09-13,31.087093353271484,1281800
2019-09-16,31.70425796508789,2385300
2019-09-17,30.917869567871094,1184500
2019-09-18,30.609291076660156,1016000
2019-09-19,29.89258575439453,1087700
2019-09-20,29.365009307861328,1424500
2019-09-23,29.165924072265625,1317200
2019-09-24,28.797616958618164,983600
2019-09-25,29.17588233947754,597700
2019-09-26,29.046476364135742,1192300
2019-09-27,28.54876136779785,935000
2019-09-30,28.160547256469727,1756300
2019-10-01,26.93617820739746,1882800
2019-10-02,26.99590301513672,1861300
2019-10-03,27.702648162841797,1514600
2019-10-04,28.09086799621582,972200
2019-10-07,27.4438419342041,1024900
2019-10-08,26.886402130126953,2736800
2019-10-09,27.204938888549805,604300
2019-10-10,28.001279830932617,1474100
2019-10-11,29.4346866607666,2271800
2019-10-14,28.93697738647461,826000
2019-10-15,29.25551414489746,1417400
2019-10-16,29.31523895263672,831600
2019-10-17,29.524274826049805,1189500
2019-10-18,30.708833694458008,2546200
2019-10-21,30.96764373779297,2451900
2019-10-22,31.83365821838379,4127700
2019-10-23,32.4109992980957,3299000
2019-10-24,32.11238098144531,1517200
2019-10-25,32.63996124267578,3739200
2019-10-28,32.17210388183594,2321800
2019-10-29,32.8689079284668,4255100
2019-10-30,31.963071823120117,2745900
2019-10-31,31.684345245361328,1643700
2019-11-01,32.699676513671875,1306400
2019-11-04,33.28697967529297,2329600
2019-11-05,32.49064254760742,1165900
2019-11-06,32.580223083496094,691600
2019-11-07,33.08789825439453,1027700
2019-11-08,33.57565689086914,893700
2019-11-11,33.66523361206055,841200
2019-11-12,33.47611999511719,849800
2019-11-13,33.227264404296875,666300
2019-11-14,32.848995208740234,876400
2019-11-15,33.49602127075195,833500
2019-11-18,33.58561325073242,806800
2019-11-19,33.50597381591797,2363500
2019-11-20,33.42634201049805,766700
2019-11-21,33.04808044433594,976700
2019-11-22,33.50597381591797,573200
2019-11-25,33.794647216796875,1081100
2019-11-26,33.784698486328125,963400
2019-11-27,33.9638671875,815600
2019-11-29,33.71500778198242,383700
2019-12-02,33.38652420043945,952000
2019-12-03,33.117759704589844,642300
2019-12-04,33.227264404296875,890200
2019-12-05,33.36661148071289,672800
2019-12-06,33.93400955200195,530700
2019-12-09,33.695098876953125,618100
2019-12-10,33.28697967529297,1121400
2019-12-11,34.133094787597656,699300
2019-12-12,34.8597526550293,1253200
2019-12-13,35.377376556396484,2092700
2019-12-16,36.014442443847656,1340300
2019-12-17,35.91489028930664,1779500
2019-12-18,35.994537353515625,1757500
2019-12-19,36.323028564453125,816000
2019-12-20,36.47233581542969,1967500
2019-12-23,36.711238861083984,749600
2019-12-24,36.61168670654297,268500
2019-12-26,36.78092575073242,494400
2019-12-27,36.78092575073242,714300
2019-12-30,36.323028564453125,1058400
2019-12-31,36.51215744018555,1035500
2020-01-02,36.711238861083984,917100
2020-01-03,36.551971435546875,694500
2020-01-06,36.11398696899414,807300
2020-01-07,35.84523010253906,839500
2020-01-08,35.586402893066406,1131700
2020-01-09,35.63618469238281,648800
2020-01-10,34.97920608520508,985700
2020-01-13,35.27782440185547,508800
2020-01-14,34.77015686035156,911100
2020-01-15,34.34212112426758,2567000
2020-01-16,34.949344635009766,762400
2020-01-17,35.3176383972168,578900
2020-01-21,34.401859283447266,1096400
2020-01-22,34.34212112426758,443600
2020-01-23,34.71043395996094,884200
2020-01-24,34.50139617919922,773800
2020-01-27,34.362030029296875,1406200
2020-01-28,35.41718673706055,1319400
2020-01-29,35.93480682373047,906400
2020-01-30,36.044307708740234,740500
2020-01-31,35.148433685302734,936000
2020-02-03,35.60631561279297,583700
2020-02-04,36.39270782470703,1085500
2020-02-05,36.58183288574219,842200
2020-02-06,36.8505973815918,1152000
2020-02-07,36.92027282714844,2812100
2020-02-10,37.38813400268555,1764600
2020-02-11,37.56730270385742,1272000
2020-02-12,38.30391311645508,1770800
2020-02-13,37.378173828125,1065200
2020-02-14,36.66146469116211,2220300
2020-02-18,37.378173828125,3619600
2020-02-19,37.487674713134766,1948400
2020-02-20,38.473140716552734,1834100
2020-02-21,38.43333435058594,2869900
2020-02-24,36.39270782470703,2042300
2020-02-25,35.566505432128906,3193200
2020-02-26,35.586402893066406,2791500
2020-02-27,33.45620346069336,3235300
2020-02-28,32.63996124267578,9109500
2020-03-02,32.649906158447266,38314900
2020-03-03,31.554943084716797,18033500
2020-03-04,30.808378219604492,25202700
2020-03-05,26.70722770690918,15758700
2020-03-06,27.662839889526367,17039700
2020-03-09,23.22324562072754,11306200
2020-03-10,23.750818252563477,10318500
2020-03-11,23.38251304626465,10683700
2020-03-12,21.242347717285156,10578900
2020-03-13,22.894752502441406,8556200
2020-03-16,21.15276336669922,6441600
2020-03-17,21.44143295288086,7718300
2020-03-18,19.13205337524414,8292600
2020-03-19,19.91843605041504,5737500
2020-03-20,19.520265579223633,5900000
2020-03-23,19.410770416259766,6477500
2020-03-24,22.307453155517578,4696900
2020-03-25,23.173473358154297,5175600
2020-03-26,23.302875518798828,5518500
2020-03-27,22.526445388793945,4304400
2020-03-30,23.641324996948242,3760200
2020-03-31,24.6865177154541,6458500
2020-04-01,23.681140899658203,7902900
2020-04-02,22.934572219848633,6383200
2020-04-03,23.38251304626465,3826800
2020-04-06,25.31363296508789,5045100
2020-04-07,24.706424713134766,4253100
2020-04-08,25.582399368286133,3268900
2020-04-09,26.378738403320312,3299800
2020-04-13,26.100017547607422,3164100
2020-04-14,26.22942543029785,2551400
2020-04-15,24.24853515625,2597100
2020-04-16,24.48743438720703,3761900
2020-04-17,26.68731689453125,3811400
2020-04-20,26.309057235717773,4002900
2020-04-21,26.25928497314453,3174100
2020-04-22,26.69727325439453,2641900
2020-04-23,27.234804153442383,2991100
2020-04-24,27.692699432373047,3126100
2020-04-27,28.63835334777832,3505500
2020-04-28,29.136064529418945,2800800
2020-04-29,30.181255340576172,2132600
2020-04-30,28.946929931640625,2507200
2020-05-01,28.001279830932617,1507800
2020-05-04,27.244752883911133,1763500
2020-05-05,27.4637508392334,2074000
2020-05-06,27.15516471862793,1515600
2020-05-07,27.55333709716797,1705700
2020-05-08,29.036521911621094,1869500
2020-05-11,28.956886291503906,2878100
2020-05-12,27.3343448638916,5602100
2020-05-13,25.8013916015625,4952200
2020-05-14,26.587778091430664,3223900
2020-05-15,26.299102783203125,3029200
2020-05-18,28.568674087524414,2445800
2020-05-19,28.34967613220215,4322000
2020-05-20,28.887205123901367,2766600
2020-05-21,29.275423049926758,2218200
2020-05-22,28.40940284729004,2312000
2020-05-26,30.270845413208008,3931800
2020-05-27,29.86271858215332,3437200
2020-05-28,28.618440628051758,6700100
2020-05-29,28.07095718383789,5718600
2020-06-01,28.628400802612305,2916700
2020-06-02,28.717988967895508,2427800
2020-06-03,30.649106979370117,3020200
2020-06-04,30.539608001708984,3246100
2020-06-05,33.08789825439453,6281700
2020-06-08,34.86970520019531,6190800
2020-06-09,32.93858337402344,3333300
2020-06-10,32.630001068115234,3277800
2020-06-11,30.609291076660156,5547600
2020-06-12,31.077138900756836,3081900
2020-06-15,30.878055572509766,4265500
2020-06-16,31.226451873779297,4575600
2020-06-17,29.414779663085938,11689000
2020-06-18,29.24555778503418,5166200
2020-06-19,28.67816734313965,6945900
2020-06-22,29.036521911621094,4126000
2020-06-23,28.847389221191406,4871200
2020-06-24,27.374162673950195,10711200
2020-06-25,27.4438419342041,6608200
2020-06-26,27.105392456054688,9657300
2020-06-29,27.981367111206055,3721700
2020-06-30,27.991323471069336,3384400
2020-07-01,27.91168975830078,3287100
2020-07-02,28.329769134521484,3861400
2020-07-06,29.17588233947754,2797600
2020-07-07,27.971416473388672,2380700
2020-07-08,27.991323471069336,2630400
2020-07-09,27.732515335083008,2904900
2020-07-10,28.180452346801758,3594500
2020-07-13,28.498991012573242,3655000
2020-07-14,29.593957901000977,3045400
2020-07-15,30.818326950073242,3462000
2020-07-16,30.539608001708984,2676800
2020-07-17,30.509748458862305,2905600
2020-07-20,31.156776428222656,3138600
2020-07-21,31.505172729492188,3143700
2020-07-22,31.754026412963867,2453500
2020-07-23,31.485258102416992,2109800
2020-07-24,31.455406188964844,2427600
2020-07-27,31.674396514892578,1862200
2020-07-28,31.206544876098633,3074800
2020-07-29,32.01283645629883,1957800
2020-07-30,31.664440155029297,1930000
2020-07-31,31.445449829101562,2658200
2020-08-03,32.48068618774414,2969600
2020-08-04,32.5005989074707,5173500
2020-08-05,32.74945831298828,2362900
2020-08-06,32.8888053894043,1847800
2020-08-07,33.744873046875,2916200
2020-08-10,34.86970520019531,3477500
2020-08-11,35.69590377807617,3626000
2020-08-12,35.44706344604492,1977300
2020-08-13,34.95928955078125,1710000
2020-08-14,35.23801803588867,1572700
2020-08-17,34.650718688964844,1595500
2020-08-18,34.46157455444336,1917900
2020-08-19,34.27244567871094,1363000
2020-08-20,34.471534729003906,1647600
2020-08-21,34.55116653442383,1364700
2020-08-24,35.27782440185547,1304500
2020-08-25,35.07874298095703,1303300
2020-08-26,34.999107360839844,1202800
2020-08-27,35.128517150878906,1421600
2020-08-28,35.59635543823242,2421100
2020-08-31,34.89957046508789,1779900
2020-09-01,36.044307708740234,1895400
2020-09-02,35.93480682373047,2314700
2020-09-03,35.22806167602539,2030600
2020-09-04,35.148433685302734,2199100
2020-09-08,34.3122673034668,3055700
2020-09-09,35.25791931152344,2028000
2020-09-10,34.86970520019531,2172200
2020-09-11,35.81536102294922,2233100
2020-09-14,36.15379333496094,1947400
2020-09-15,36.16375732421875,1992800
2020-09-16,36.76101303100586,2970600
2020-09-17,37.01982116699219,3151600
2020-09-18,35.73572540283203,8420100
2020-09-21,34.50139617919922,2536000
2020-09-22,34.939388275146484,2757000
2020-09-23,34.86970520019531,2097200
2020-09-24,35.20814514160156,2025200
2020-09-25,35.20814514160156,1787200
2020-09-28,35.88503646850586,2406100
2020-09-29,35.70586395263672,1470000
2020-09-30,35.437095642089844,2069400
2020-10-01,35.407230377197266,1420800
2020-10-02,35.91489028930664,1920700
2020-10-05,36.74110412597656,2247500
2020-10-06,36.283203125,2281000
2020-10-07,36.49224853515625,4214800
2020-10-08,37.05963134765625,2165800
2020-10-09,36.96009826660156,1914900
2020-10-12,37.039730072021484,2034800
2020-10-13,37.3582649230957,2597600
2020-10-14,37.19899368286133,2631900
2020-10-15,36.90037536621094,2636400
2020-10-16,37.049686431884766,1611800
2020-10-19,36.43252944946289,2084100
2020-10-20,37.06959533691406,1932800
2020-10-21,37.08949661254883,1648900
2020-10-22,37.756431579589844,1392500
2020-10-23,38.094879150390625,1827400
2020-10-26,36.39270782470703,2390300
2020-10-27,35.93480682373047,1882000
2020-10-28,35.07874298095703,1918000
2020-10-29,34.91947555541992,1865300
2020-10-30,34.78010940551758,2369300
2020-11-02,35.81536102294922,2145500
2020-11-03,38.57268142700195,3722000
2020-11-04,37.89579772949219,3710900
2020-11-05,39.61787033081055,2432600
2020-11-06,40.065818786621094,1899000
2020-11-09,42.58424377441406,4984900
2020-11-10,42.554378509521484,3268400
2020-11-11,42.41501998901367,1440600
2020-11-12,42.30552673339844,1609700
2020-11-13,42.5643310546875,2822900
2020-11-16,44.78413391113281,3257500
2020-11-17,44.435726165771484,1725200
2020-11-18,43.70907211303711,1458700
2020-11-19,43.99774169921875,1525800
2020-11-20,44.05746078491211,1433400
2020-11-23,44.276466369628906,1773800
2020-11-24,45.26193618774414,2076300
2020-11-25,44.604957580566406,1006400
2020-11-27,44.595001220703125,594900
2020-11-30,44.06742858886719,2517300
2020-12-01,44.595001220703125,2909300
2020-12-02,44.12714767456055,1760500
2020-12-03,44.25655746459961,1720600
2020-12-04,44.983211517333984,1578800
2020-12-07,44.12714767456055,1992700
2020-12-08,44.336185455322266,2148800
2020-12-09,44.78413391113281,2161900
2020-12-10,44.585044860839844,2208200
2020-12-11,44.1171989440918,2631600
2020-12-14,43.65929412841797,2269800
2020-12-15,44.555179595947266,1716700
2020-12-16,44.1171989440918,1526500
2020-12-17,45.2320671081543,2312200
2020-12-18,45.013084411621094,5238800
2020-12-21,45.45106887817383,1579300
2020-12-22,45.35151672363281,1523400
2020-12-23,45.55059814453125,859600
2020-12-24,45.81937026977539,609700
2020-12-28,44.89362716674805,1106000
2020-12-29,44.276466369628906,1010300
2020-12-30,45.03298568725586,1439800
2020-12-31,45.35151672363281,1506100
2021-01-04,44.10725402832031,2232100
2021-01-05,44.993167877197266,1797500
2021-01-06,46.466392517089844,1968300
2021-01-07,46.804840087890625,990800
2021-01-08,46.18767547607422,1659000
2021-01-11,46.277259826660156,739800
2021-01-12,46.844661712646484,1245200
2021-01-13,45.869144439697266,1577100
2021-01-14,46.127952575683594,1799100
2021-01-15,45.699920654296875,4578000
2021-01-19,46.07817459106445,1642900
2021-01-20,45.77956008911133,1367100
2021-01-21,45.55059814453125,1101900
2021-01-22,45.02303695678711,1319600
2021-01-25,44.30632781982422,1826100
2021-01-26,43.39053726196289,1485600
2021-01-27,40.623260498046875,2178400
2021-01-28,42.44488525390625,2174600
2021-01-29,41.6485481262207,3165200
2021-02-01,42.40506362915039,3118900
2021-02-02,43.18149948120117,1257200
2021-02-03,43.36067581176758,1255900
2021-02-04,42.79328155517578,4587700
2021-02-05,43.57966613769531,1357100
2021-02-08,43.84842300415039,1275400
2021-02-09,43.86833953857422,1339100
2021-02-10,44.25655746459961,1534000
2021-02-11,43.828521728515625,1743700
2021-02-12,43.719024658203125,1683300
2021-02-16,43.370628356933594,1338600
2021-02-17,42.79328155517578,1001600
2021-02-18,42.574283599853516,1250200
2021-02-19,43.68915939331055,1610100
2021-02-22,43.5697135925293,3412600
2021-02-23,45.371429443359375,4562700
2021-02-24,47.87990188598633,4067000
2021-02-25,46.137901306152344,3534000
2021-02-26,46.127952575683594,2381200
2021-03-01,47.242820739746094,1978400
2021-03-02,46.58584213256836,1548500
2021-03-03,46.59579849243164,2813300
2021-03-04,46.844661712646484,3444900
2021-03-05,49.2635383605957,3619300
2021-03-08,50.31868362426758,6393300
2021-03-09,47.86994552612305,2216300
2021-03-10,48.745914459228516,1454000
2021-03-11,48.79568862915039,1405000
2021-03-12,49.3730354309082,2124900
2021-03-15,50.52772903442383,2007000
2021-03-16,48.71604537963867,1398700
2021-03-17,49.55221176147461,1286300
2021-03-18,49.512393951416016,2024600
2021-03-19,49.223716735839844,6270400
2021-03-22,48.586647033691406,1880400
2021-03-23,46.924293518066406,1574900
2021-03-24,48.118804931640625,1788200
2021-03-25,48.507015228271484,1630300
2021-03-26,49.48252868652344,970700
2021-03-29,49.36308288574219,1149300
2021-03-30,49.8110237121582,2069000
2021-03-31,48.98481369018555,2105100
2021-04-01,49.38298797607422,1857300
2021-04-05,49.86079406738281,1839800
2021-04-06,50.00015640258789,1249000
2021-04-07,49.91056442260742,1494200
2021-04-08,50.0897331237793,1515800
2021-04-09,50.34855651855469,1296100
2021-04-12,49.92051696777344,2920100
2021-04-13,49.004730224609375,2750000
2021-04-14,49.173946380615234,1989800
2021-04-15,49.114219665527344,2174100
2021-04-16,50.010101318359375,2722900
2021-04-19,50.677040100097656,2344800
2021-04-20,50.109642028808594,3009000
2021-04-21,50.716861724853516,2139100
2021-04-22,51.005531311035156,2674900
2021-04-23,51.383792877197266,1873100
2021-04-26,50.99557113647461,2059700
2021-04-27,50.97566604614258,1330000
2021-04-28,51.70232009887695,3508000
2021-04-29,51.005531311035156,3276100
2021-04-30,49.183902740478516,3399200
2021-05-03,48.078983306884766,2870300
2021-05-04,48.98481369018555,1974400
2021-05-05,49.183902740478516,1431400
2021-05-06,49.303348541259766,1355500
2021-05-07,50.29878616333008,1704400
2021-05-10,49.890647888183594,1495400
2021-05-11,47.93962478637695,6767300
2021-05-12,46.91434097290039,2345700
2021-05-13,47.35232925415039,1474700
2021-05-14,48.31788635253906,2554000
2021-05-17,48.53687286376953,2894100
2021-05-18,48.198429107666016,3407600
2021-05-19,47.521549224853516,3195300
2021-05-20,48.04912185668945,4055500
2021-05-21,48.64637756347656,2453400
2021-05-24,49.36308288574219,2018000
2021-05-25,48.45724868774414,1642400
2021-05-26,48.94499588012695,1228000
2021-05-27,49.44271469116211,3278600
2021-05-28,49.41284942626953,1423400
2021-06-01,49.801063537597656,1421100
2021-06-02,49.50243377685547,1467700
2021-06-03,48.915130615234375,1226600
2021-06-04,48.98481369018555,1268000
2021-06-07,47.98939895629883,1569100
2021-06-08,48.27806091308594,1323300
2021-06-09,47.45186996459961,1334700
2021-06-10,47.143287658691406,1292000
2021-06-11,47.7305793762207,1394200
2021-06-14,47.31250762939453,1652100
2021-06-15,47.10346603393555,2345000
2021-06-16,47.521549224853516,4026400
2021-06-17,45.77956008911133,5377400
2021-06-18,45.29179382324219,4236600
2021-06-21,46.70529556274414,2250100
2021-06-22,46.38676071166992,1342900
2021-06-23,46.59579849243164,1670000
2021-06-24,47.4219970703125,2688600
2021-06-25,48.755863189697266,4384400
2021-06-28,48.61650848388672,1941100
2021-06-29,48.31788635253906,1443000
2021-06-30,48.586647033691406,1635300
2021-07-01,48.38756561279297,2471900
2021-07-02,48.36765670776367,1451300
2021-07-06,48.03916549682617,1674800
2021-07-07,49.12417221069336,5212800
2021-07-08,48.03916549682617,3432000
2021-07-09,49.15404510498047,2387800
2021-07-12,49.15404510498047,1382900
2021-07-13,48.35770797729492,1358300
2021-07-14,47.850032806396484,1616400
2021-07-15,47.90977096557617,2133100
2021-07-16,47.93962478637695,1987500
2021-07-19,46.03836441040039,2869400
2021-07-20,47.929664611816406,2019600
2021-07-21,48.4074821472168,1470800
2021-07-22,48.27806091308594,1927200
2021-07-23,48.38756561279297,1902400
2021-07-26,48.62646484375,961400
2021-07-27,47.98939895629883,1464800
2021-07-28,47.252777099609375,2343300
2021-07-29,47.95953369140625,2535700
2021-07-30,48.64637756347656,2133400
2021-08-02,48.14866256713867,1876900
2021-08-03,49.44271469116211,2547900
2021-08-04,50.0897331237793,10410400
2021-08-05,49.87074279785156,6823600
2021-08-06,49.59202194213867,4598800
2021-08-09,49.293399810791016,2136400
2021-08-10,50.82634735107422,2676100
2021-08-11,51.29420471191406,2295900
2021-08-12,51.771995544433594,2286000
2021-08-13,52.19008255004883,2799100
2021-08-16,52.0606803894043,1677300
2021-08-17,50.617305755615234,2778100
2021-08-18,50.249000549316406,1544500
2021-08-19,49.512393951416016,2231600
2021-08-20,49.850833892822266,1489300
2021-08-23,50.716861724853516,1637600
2021-08-24,51.56296157836914,1540500
2021-08-25,51.85163879394531,2112900
2021-08-26,51.58287048339844,2154800
2021-08-27,52.60816192626953,3400700
2021-08-30,53.00633239746094,2042900
2021-08-31,52.77738952636719,2159100
2021-09-01,52.49866485595703,1991900
2021-09-02,53.54386901855469,3856500
2021-09-03,52.69774627685547,3760300
2021-09-07,51.52314376831055,2502300
2021-09-08,52.47875213623047,2777900
2021-09-09,53.643402099609375,3864200
2021-09-10,54.47956085205078,3696100
2021-09-13,53.75290298461914,3969100
2021-09-14,53.30495834350586,2652900
2021-09-15,54.72840881347656,3058900
2021-09-16,54.320289611816406,2961300
2021-09-17,54.0515251159668,8807300
2021-09-20,52.74752426147461,2795100
2021-09-21,52.67783737182617,2089700
2021-09-22,52.657936096191406,2314600
2021-09-23,53.39454650878906,2461000
2021-09-24,53.26513671875,1516000
2021-09-27,53.1357421875,2819000
2021-09-28,51.32406997680664,2336900
2021-09-29,51.174747467041016,1972400
2021-09-30,50.179325103759766,2892700
2021-10-01,50.63721466064453,1209300
2021-10-04,50.5078125,1620600
2021-10-05,50.97566604614258,1613200
2021-10-06,50.93585205078125,3167400
2021-10-07,51.46342086791992,2244900
2021-10-08,50.75666809082031,1342700
2021-10-11,49.840885162353516,1379300
2021-10-12,49.66169738769531,1563300
2021-10-13,50.5078125,1651600
2021-10-14,52.03081512451172,1756700
2021-10-15,52.26971435546875,1229900
2021-10-18,52.67783737182617,1640300
2021-10-19,53.32487487792969,1691800
2021-10-20,53.314918518066406,1412800
2021-10-21,53.86240005493164,2410100
2021-10-22,53.95198059082031,1050100
2021-10-25,54.300384521484375,1625900
2021-10-26,53.693172454833984,1348600
2021-10-27,52.97646713256836,1511100
2021-10-28,54.081398010253906,1561900
2021-10-29,53.51399612426758,2133800
2021-11-01,54.24066162109375,1614000
2021-11-02,55.972694396972656,2100200
2021-11-03,55.8034782409668,2096300
2021-11-04,56.888484954833984,2183000
2021-11-05,56.98802185058594,2939100
2021-11-08,57.6450080871582,2282800
2021-11-09,59.24818801879883,3092700
2021-11-10,58.14289093017578,1820900
2021-11-11,58.003482818603516,1083900
2021-11-12,58.20262908935547,1369400
2021-11-15,58.80009460449219,2400700
2021-11-16,60.044795989990234,2147000
2021-11-17,59.0888671875,1913000
2021-11-18,60.64227294921875,3510100
2021-11-19,61.18994140625,2734700
2021-11-22,59.66641616821289,1954500
2021-11-23,60.43315505981445,1908500
2021-11-24,60.76176071166992,1370700
2021-11-26,58.69056701660156,1882400
2021-11-29,59.54692459106445,1999400
2021-11-30,58.093109130859375,2563700
2021-12-01,56.85834503173828,1463700
2021-12-02,58.989288330078125,2415500
2021-12-03,58.2524299621582,2174100
2021-12-06,58.49142074584961,2623700
2021-12-07,59.47721862792969,2201800
2021-12-08,59.895450592041016,2614800
2021-12-09,59.66641616821289,1162100
2021-12-10,59.33781051635742,1676500
2021-12-13,59.38760757446289,1983300
2021-12-14,57.834205627441406,3232400
2021-12-15,59.288021087646484,2478300
2021-12-16,59.16852569580078,1976200
2021-12-17,57.97361755371094,3680200
2021-12-20,57.62509536743164,2193300
2021-12-21,58.919586181640625,1711500
2021-12-22,58.49142074584961,1148200
2021-12-23,59.48717498779297,1140200
2021-12-27,60.95095443725586,1197400
2021-12-28,61.11027908325195,1244100
2021-12-29,61.14015579223633,754500
2021-12-30,60.99078369140625,757300
2021-12-31,61.608154296875,966200
2022-01-03,59.37764358520508,1892100
2022-01-04,60.48295211791992,1837800
2022-01-05,58.95942306518555,2537700
2022-01-06,60.044795989990234,1367400
2022-01-07,59.04903793334961,1917900
2022-01-10,58.740352630615234,2101600
2022-01-11,59.716209411621094,1543500
2022-01-12,59.72615432739258,1085800
2022-01-13,59.26810073852539,1370600
2022-01-14,59.108787536621094,1947700
2022-01-18,58.36195755004883,1756300
2022-01-19,58.13294219970703,1429600
2022-01-20,57.40601348876953,1650700
2022-01-21,57.027626037597656,1983700
2022-01-24,56.918094635009766,2971100
2022-01-25,55.34478759765625,2617300
2022-01-26,55.7032585144043,2665300
2022-01-27,54.597965240478516,2858800
2022-01-28,54.8867301940918,2409000
2022-01-31,55.97211456298828,1855500
2022-02-01,56.569580078125,1465200
2022-02-02,56.509830474853516,1425000
2022-02-03,54.8668098449707,2492900
2022-02-04,54.38884353637695,2240500
2022-02-07,54.33905792236328,1796400
2022-02-08,54.96639633178711,2988500
2022-02-09,56.08164978027344,2468300
2022-02-10,55.105796813964844,1872800
2022-02-11,53.09434509277344,3235600
2022-02-14,53.57231140136719,3217800
2022-02-15,54.876773834228516,2739800
2022-02-16,54.68757629394531,1769000
2022-02-17,53.084388732910156,1578400
2022-02-18,52.84540939331055,1827600
2022-02-22,52.865318298339844,2016000
2022-02-23,51.779937744140625,2683700
2022-02-24,50.11701202392578,4031900
2022-02-25,51.21235275268555,2025700
2022-02-28,50.30620193481445,3193000
2022-03-01,49.041568756103516,3589300
2022-03-02,50.22653579711914,2231700
2022-03-03,49.47970962524414,1859600
2022-03-04,46.13393020629883,5095000
2022-03-07,44.70998001098633,4854400
2022-03-08,45.765960693359375,6545800
2022-03-09,48.38600158691406,6328200
2022-03-10,48.38600158691406,5216500
2022-03-11,47.40971374511719,2740400
2022-03-14,47.47945022583008,2372500
2022-03-15,48.216651916503906,2128400
2022-03-16,50.00981903076172,3148400
2022-03-17,50.62747573852539,2438200
2022-03-18,51.20528030395508,3274000
2022-03-21,50.69721603393555,2068800
2022-03-22,50.577674865722656,2210200
2022-03-23,49.13316345214844,2444000
2022-03-24,49.20288848876953,2124700
2022-03-25,49.7906608581543,2214700
2022-03-28,49.6113395690918,2354700
2022-03-29,50.56770324707031,1424700
2022-03-30,50.6075553894043,2749200
2022-03-31,50.15925979614258,3593000
2022-04-01,50.05963897705078,3672300
2022-04-04,48.7745246887207,3118200
2022-04-05,48.26645278930664,3241600
2022-04-06,47.67869186401367,3498400
2022-04-07,47.56910705566406,2376500
2022-04-08,46.65260314941406,2521000
2022-04-11,46.24414825439453,3263600
2022-04-12,46.074790954589844,1938200
2022-04-13,47.15071105957031,1955000
2022-04-14,46.26406478881836,1583600
2022-04-18,46.443389892578125,1568900
2022-04-19,47.768348693847656,1670800
2022-04-20,49.17300796508789,2400000
2022-04-21,47.58903121948242,1974300
2022-04-22,45.765960693359375,2305800
2022-04-25,45.49699401855469,2258800
2022-04-26,43.6440315246582,2311000
2022-04-27,44.092323303222656,1771000
2022-04-28,44.90922546386719,2746000
2022-04-29,43.7934684753418,2136100
2022-05-02,44.38123321533203,2782400
2022-05-03,45.03873825073242,2554100
2022-05-04,46.811981201171875,3178700
2022-05-05,45.35751724243164,3485800
2022-05-06,43.63406753540039,2856800
2022-05-09,43.086158752441406,2607100
2022-05-10,42.199527740478516,3823600
2022-05-11,42.518314361572266,3639500
2022-05-12,42.76736068725586,3328800
2022-05-13,43.48463821411133,2592900
2022-05-16,43.265472412109375,2260000
2022-05-17,44.670127868652344,1678500
2022-05-18,43.46471405029297,2440400
2022-05-19,44.132476806640625,2516900
2022-05-20,44.800254821777344,3338000
2022-05-23,45.18895721435547,3879000
2022-05-24,44.88995361328125,3615600
2022-05-25,45.72715377807617,4066800
2022-05-26,47.182289123535156,3769100
2022-05-27,48.32846450805664,2672400
2022-05-31,46.992923736572266,9592400
2022-06-01,47.092586517333984,1625000
2022-06-02,48.4081916809082,1343000
2022-06-03,48.687255859375,2275200
2022-06-06,49.16566467285156,2907700
2022-06-07,50.232093811035156,3085000
2022-06-08,50.11249542236328,3557400
2022-06-09,48.43809509277344,3393500
2022-06-10,46.285282135009766,2464500
2022-06-13,44.03282165527344,3599400
2022-06-14,43.62418746948242,3001800
2022-06-15,44.41154861450195,2754600
2022-06-16,41.939823150634766,3153200
2022-06-17,41.10261535644531,5401600
2022-06-21,41.720550537109375,1922300
2022-06-22,41.62086868286133,1634900
2022-06-23,40.823543548583984,2629400
2022-06-24,43.185646057128906,3161400
2022-06-27,43.245452880859375,1800200
2022-06-28,42.66738510131836,1871100
2022-06-29,42.13915252685547,1714900
2022-06-30,41.939823150634766,2838900
2022-07-01,42.159080505371094,3883200
2022-07-05,41.30194854736328,3185600
2022-07-06,41.33184814453125,2643300
2022-07-07,43.006248474121094,2368000
2022-07-08,42.30858612060547,1518600
2022-07-11,41.83018112182617,1929500
2022-07-12,41.590980529785156,2980000
2022-07-13,40.6939811706543,3077900
2022-07-14,39.71723937988281,4739300
2022-07-15,40.86341094970703,3678100
2022-07-18,41.08268356323242,3052700
2022-07-19,43.125850677490234,4499400
2022-07-20,43.92318344116211,2715700
2022-07-21,44.810218811035156,1633400
2022-07-22,44.39161682128906,2200200
2022-07-25,44.212223052978516,1401900
2022-07-26,44.54112243652344,1693700
2022-07-27,46.70389938354492,4165300
2022-07-28,47.99956130981445,2729400
2022-07-29,49.634090423583984,2896400
2022-08-01,48.96632766723633,2451100
2022-08-02,48.53776168823242,2478200
2022-08-03,49.72378921508789,3062000
2022-08-04,49.614166259765625,4849000
2022-08-05,49.62413024902344,3524300
2022-08-08,49.83343505859375,2728900
2022-08-09,49.38493347167969,2255700
2022-08-10,51.139068603515625,2565600
2022-08-11,51.68723678588867,2735500
2022-08-12,53.42143630981445,3699700
2022-08-15,53.32176971435547,2434200
2022-08-16,53.81032180786133,2806000
2022-08-17,52.414459228515625,3117600
2022-08-18,52.424434661865234,2196800
2022-08-19,51.66667556762695,3849200
2022-08-22,49.44328308105469,6503900
2022-08-23,49.283756256103516,2796500
2022-08-24,49.51307678222656,2301600
2022-08-25,50.659671783447266,3244600
2022-08-26,48.147125244140625,2813900
2022-08-29,47.70842361450195,4018800
2022-08-30,47.558868408203125,4777400
2022-08-31,47.22984313964844,6680100
2022-09-01,48.23685836791992,3937800
2022-09-02,47.5987548828125,3518000
2022-09-06,47.52895736694336,3307600
2022-09-07,48.58582305908203,3564900
2022-09-08,49.16411209106445,3094300
2022-09-09,50.081390380859375,1780500
2022-09-12,51.39748001098633,2232900
2022-09-13,49.413368225097656,1966300
2022-09-14,49.45323944091797,2203600
2022-09-15,49.16411209106445,3242000
2022-09-16,47.05038070678711,6046200
2022-09-19,48.31662368774414,2655200
2022-09-20,47.05038070678711,2852700
2022-09-21,46.013458251953125,4115500
2022-09-22,44.67742156982422,4080600
2022-09-23,43.939613342285156,2907300
2022-09-26,43.19183349609375,2831300
2022-09-27,42.802978515625,2765000
2022-09-28,43.9794921875,2275000
2022-09-29,43.56073760986328,2517200
2022-09-30,43.13200378417969,2220600
2022-10-03,44.89677047729492,2948100
2022-10-04,46.93073654174805,1852400
2022-10-05,46.801116943359375,2082600
2022-10-06,46.87091064453125,1987800
2022-10-07,45.51493835449219,1638400
2022-10-10,45.02638626098633,2065600
2022-10-11,45.285614013671875,2279500
2022-10-12,44.99647521972656,1730800
2022-10-13,46.651573181152344,2283200
2022-10-14,44.976539611816406,2282300
2022-10-17,46.591739654541016,2226000
2022-10-18,46.88089370727539,3752500
2022-10-19,46.1729850769043,3048000
2022-10-20,45.06626510620117,1874800
2022-10-21,46.651573181152344,3317600
2022-10-24,47.64860534667969,1384900
2022-10-25,48.7453498840332,2518400
2022-10-26,48.466182708740234,2368000
2022-10-27,48.48611831665039,2656600
2022-10-28,50.30073547363281,2289900
2022-10-31,50.350589752197266,2373600
2022-11-01,50.15118408203125,2054000
2022-11-02,48.904876708984375,3045100
2022-11-03,51.218013763427734,4467300
2022-11-04,52.763423919677734,2539000
2022-11-07,53.082481384277344,2640500
2022-11-08,52.08544158935547,4688400
2022-11-09,51.57693862915039,2039100
2022-11-10,53.72058868408203,4798600
2022-11-11,55.146358489990234,6675600
2022-11-14,55.026710510253906,2762800
2022-11-15,55.36582565307617,2065300
2022-11-16,54.84718322753906,1970300
2022-11-17,53.65029525756836,1909500
2022-11-18,53.56052780151367,2725700
2022-11-21,53.46078872680664,1902800
2022-11-22,53.65029525756836,2734900
2022-11-23,53.50068283081055,1968000
2022-11-25,53.28125762939453,1213100
2022-11-28,53.021934509277344,2490000
2022-11-29,52.68281555175781,1796000
2022-11-30,53.82982635498047,5157500
2022-12-01,54.14899826049805,2856400
2022-12-02,54.4083251953125,2476900
2022-12-05,53.181514739990234,2717000
2022-12-06,52.593048095703125,1715500
2022-12-07,52.6728401184082,2460600
2022-12-08,53.121673583984375,2339200
2022-12-09,53.11170196533203,2313100
2022-12-12,54.0991325378418,2701400
2022-12-13,55.385780334472656,3686500
2022-12-14,54.58785629272461,3028800
2022-12-15,52.463382720947266,3079100
2022-12-16,51.665462493896484,3750100
2022-12-19,50.93736267089844,2479800
2022-12-20,51.76520919799805,1873500
2022-12-21,52.58306884765625,1703100
2022-12-22,51.86494827270508,1572800
2022-12-23,52.144222259521484,2037000
2022-12-27,52.453407287597656,1717700
2022-12-28,51.605621337890625,1045600
2022-12-29,52.65289306640625,1732000
2022-12-30,52.114295959472656,1518200
2023-01-03,52.862342834472656,2099500
2023-01-04,53.51066207885742,2564500
2023-01-05,53.25132751464844,2092000
2023-01-06,54.976837158203125,2983600
2023-01-09,55.635128021240234,2042300
2023-01-10,56.28343963623047,1577800
2023-01-11,56.632530212402344,1683100
2023-01-12,57.240943908691406,2091400
2023-01-13,57.380577087402344,1260600
2023-01-17,56.65247344970703,1754100
2023-01-18,55.75481414794922,1659300
2023-01-19,53.74005889892578,1885700
2023-01-20,55.20623779296875,1801300
2023-01-23,55.74484634399414,2648200
2023-01-24,56.23356628417969,1705000
2023-01-25,55.8046875,1429500
2023-01-26,55.385780334472656,3741500
2023-01-27,55.51544189453125,2107900
2023-01-30,55.166351318359375,1718700
2023-01-31,55.85455322265625,2633100
2023-02-01,55.51544189453125,3451000
2023-02-02,55.86453628540039,2822200
2023-02-03,56.961673736572266,3437400
2023-02-06,56.24353790283203,1690000
2023-02-07,57.151180267333984,2152500
2023-02-08,57.23097229003906,2167500
2023-02-09,56.29341506958008,2125100
2023-02-10,56.542762756347656,1263000
2023-02-13,57.27086639404297,1830800
2023-02-14,57.28084182739258,1204500
2023-02-15,58.12863540649414,2029400
2023-02-16,57.240943908691406,1606700
2023-02-17,57.430450439453125,1935100
2023-02-21,56.23356628417969,3334300
2023-02-22,57.310760498046875,3178400
2023-02-23,57.739646911621094,1907600
2023-02-24,57.53019332885742,1480300
2023-02-27,58.2283821105957,1976100
2023-02-28,57.939029693603516,3272700
2023-03-01,57.909095764160156,2076400
2023-03-02,58.15853500366211,1727900
2023-03-03,59.33587646484375,1908900
2023-03-06,59.7349739074707,2133900
2023-03-07,59.2360954284668,2556000
2023-03-08,59.32589340209961,2792700
2023-03-09,58.008872985839844,4290900
2023-03-10,55.61428451538086,4381100
2023-03-13,54.58660888671875,3391100
2023-03-14,55.574378967285156,3038700
2023-03-15,52.81062316894531,4200900
2023-03-16,53.3992919921875,4558200
2023-03-17,52.34168243408203,4162300
2023-03-20,53.78841018676758,3032100
2023-03-21,55.77392578125,3367300
2023-03-22,54.83604049682617,2189000
2023-03-23,54.82606887817383,2469600
2023-03-24,54.90589141845703,1982400
2023-03-27,55.6641731262207,1893700
2023-03-28,55.83378601074219,1886800
2023-03-29,56.572113037109375,4620100
2023-03-30,57.20069885253906,2278700
2023-03-31,58.04878234863281,2175900
2023-04-03,58.15853500366211,2038500
2023-04-04,55.1353645324707,3569000
2023-04-05,54.766204833984375,6584900
2023-04-06,54.33716583251953,1887500
2023-04-10,55.34489059448242,1839400
2023-04-11,55.4745979309082,1233900
2023-04-12,56.292747497558594,1957000
2023-04-13,55.85374450683594,2984300
2023-04-14,55.574378967285156,2110400
2023-04-17,55.95351791381836,1519700
2023-04-18,56.19297790527344,1622400
2023-04-19,55.48457336425781,2524800
2023-04-20,55.23514175415039,2179300
2023-04-21,55.215187072753906,1878100
2023-04-24,55.245121002197266,1232500
2023-04-25,54.31721496582031,1748500
2023-04-26,53.28954315185547,1721100
2023-04-27,56.87144470214844,6102700
2023-04-28,56.89139938354492,2479800
2023-05-01,56.99117660522461,1807000
2023-05-02,56.971214294433594,2297000
2023-05-03,56.50227737426758,2454200
2023-05-04,56.961238861083984,4120900
2023-05-05,59.03654861450195,3022100
2023-05-08,58.807064056396484,1793300
2023-05-09,58.83699417114258,2063000
2023-05-10,58.27825927734375,1575100
2023-05-11,57.81930160522461,1572200
2023-05-12,58.11862564086914,1446800
2023-05-15,58.797088623046875,1143300
2023-05-16,58.39799118041992,1527000
2023-05-17,58.89686584472656,1876400
2023-05-18,59.79483413696289,1438700
2023-05-19,59.625213623046875,1646700
2023-05-22,59.605262756347656,1917100
2023-05-23,57.89854431152344,2445400
2023-05-24,56.800662994384766,1854600
2023-05-25,57.46937561035156,1972600
2023-05-26,58.776859283447266,2068000
2023-05-30,58.32771682739258,1565300
2023-05-31,56.55113983154297,3338900
2023-06-01,58.03828430175781,2153100
2023-06-02,61.24211502075195,3217200
2023-06-05,60.563419342041016,2281700
2023-06-06,61.37186050415039,1486300
2023-06-07,62.56955337524414,1724300
2023-06-08,62.63942337036133,1270900
2023-06-09,62.34000015258789,1215700
2023-06-12,62.709285736083984,1696300
2023-06-13,63.97684860229492,1765400
2023-06-14,63.99681854248047,1915700
2023-06-15,64.58567810058594,1961600
2023-06-16,64.39604187011719,4462600
2023-06-20,63.99681854248047,2438700
2023-06-21,64.00679016113281,2810700
2023-06-22,63.39796447753906,2803900
2023-06-23,63.24824523925781,5020500
2023-06-26,63.098541259765625,2882100
2023-06-27,63.80717086791992,3152300
2023-06-28,63.53769302368164,2829800
2023-06-29,64.2762680053711,2852100
2023-06-30,65.23442077636719,1879800
2023-07-03,65.11466217041016,702300
2023-07-05,63.99681854248047,1450400
2023-07-06,63.43788146972656,1796100
2023-07-07,64.13655090332031,1271700
2023-07-10,65.68355560302734,1395200
2023-07-11,66.12272644042969,1701200
2023-07-12,65.98299407958984,1333800
2023-07-13,66.55189514160156,1069900
2023-07-14,65.99296569824219,1475800
2023-07-17,66.16264343261719,1985200
2023-07-18,66.89122772216797,2535600
2023-07-19,65.59374237060547,2943300
2023-07-20,65.46399688720703,2048700
2023-07-21,65.1346206665039,1483700
2023-07-24,65.14459991455078,1546000
2023-07-25,64.94498443603516,1791700
2023-07-26,64.39604187011719,2205600
2023-07-27,63.92695236206055,2450700
2023-07-28,64.07665252685547,2456800
2023-07-31,65.14459991455078,2150900
2023-08-01,65.88318634033203,2872000
2023-08-02,65.36418151855469,3487800
2023-08-03,66.9910659790039,3897000
2023-08-04,66.78144836425781,2857600
2023-08-07,67.77953338623047,1669600
2023-08-08,68.48816680908203,2451000
2023-08-09,68.00908660888672,2853300
2023-08-10,67.78952026367188,2419900
2023-08-11,67.95916748046875,1522900
2023-08-14,67.76953887939453,1723900
2023-08-15,66.87127685546875,1638600
2023-08-16,66.58184051513672,1505000
2023-08-17,65.97300720214844,1814600
2023-08-18,66.36225891113281,3796400
2023-08-21,66.57184600830078,1553700
2023-08-22,66.74158477783203,1408300
2023-08-23,68.38890075683594,1880900
2023-08-24,68.12932586669922,3185100
2023-08-25,68.78824615478516,2648200
2023-08-28,68.98793029785156,1993300
2023-08-29,69.85652160644531,1993200
2023-08-30,69.77664184570312,1978100
2023-08-31,69.49710845947266,3960900
2023-09-01,69.83655548095703,2936200
2023-09-05,68.32901000976562,3946200
2023-09-06,69.89645385742188,3655300
2023-09-07,69.43720245361328,2989500
2023-09-08,69.30741119384766,2458600
2023-09-11,68.53865051269531,2885900
2023-09-12,68.21917724609375,2752300
2023-09-13,65.62340545654297,3511000
2023-09-14,66.4520492553711,2405900
2023-09-15,65.79312896728516,2846500
2023-09-18,66.2823257446289,2039900
2023-09-19,66.1225814819336,4075000
2023-09-20,64.91454315185547,2642200
2023-09-21,63.936134338378906,2343300
2023-09-22,64.39539337158203,1473800
2023-09-25,64.21568298339844,2701500
2023-09-26,62.68816375732422,2125500
2023-09-27,63.167388916015625,2107100
2023-09-28,64.16575622558594,2109800
2023-09-29,63.61665344238281,3366600
2023-10-02,63.496849060058594,2576900
2023-10-03,62.74806594848633,3038200
2023-10-04,63.15739440917969,1797700
2023-10-05,62.71812057495117,3373000
2023-10-06,63.317134857177734,1825000
2023-10-09,63.99604034423828,1572200
2023-10-10,64.58509063720703,1644800
2023-10-11,65.88297271728516,2251100
2023-10-12,65.9528579711914,2763900
2023-10-13,64.11585235595703,2504000
2023-10-16,64.84465026855469,1342800
2023-10-17,65.55352020263672,1500400
2023-10-18,62.28881072998047,3784900
2023-10-19,61.12071228027344,3395500
2023-10-20,60.32200622558594,3182800
2023-10-23,59.213809967041016,3409200
2023-10-24,59.58320999145508,3476500
2023-10-25,59.26372528076172,4150400
2023-10-26,59.78288650512695,2972500
2023-10-27,59.283695220947266,2497100
2023-10-30,60.471763610839844,4833600
2023-10-31,60.581581115722656,3751100
2023-11-01,61.889461517333984,5497300
2023-11-02,65.48362731933594,5300500
2023-11-03,65.25399017333984,3155500
2023-11-06,65.14417266845703,3379700
2023-11-07,65.87297821044922,2530500
2023-11-08,65.94287872314453,2593100
2023-11-09,66.92127990722656,4077500
2023-11-10,68.22915649414062,2537300
2023-11-13,68.7483139038086,4608500
2023-11-14,69.5470199584961,2643900
2023-11-15,69.5969467163086,2574000
2023-11-16,70.08615112304688,1820000
2023-11-17,70.22595977783203,1943000
2023-11-20,70.3258285522461,2069300
2023-11-21,70.4456558227539,1573900
2023-11-22,70.61543273925781,1698300
2023-11-24,71.23461151123047,674900
2023-11-27,70.68533325195312,1807000
2023-11-28,69.56684875488281,2904600
2023-11-29,69.50691986083984,2064700
2023-11-30,71.33446502685547,3532500
2023-12-01,72.14339447021484,2451500
2023-12-04,71.92367553710938,2320600
2023-12-05,71.86376190185547,1748300
2023-12-06,71.28453826904297,1905600
2023-12-07,72.4529800415039,2302600
2023-12-08,73.21195983886719,2723600
2023-12-11,73.88106536865234,2004300
2023-12-12,74.16069030761719,2094800
2023-12-13,73.60143280029297,2115600
2023-12-14,75.20928192138672,2590300
2023-12-15,74.73990631103516,4784500
2023-12-18,74.71994018554688,1751900
2023-12-19,76.2279281616211,2263200
2023-12-20,74.76988220214844,2029100
2023-12-21,75.69863891601562,1392700
2023-12-22,76.37771606445312,1433200
2023-12-26,77.29649353027344,1346300
2023-12-27,77.74588775634766,1823000
2023-12-28,77.67597961425781,1110000
2023-12-29,77.23656463623047,1618100
